# The licence of each package this repository adds, as read from its licence
# file at the version shipped. sbom.sh joins it on name and version-release, so a
# version bump leaves the SBOM column empty until the file is read again.
# name	version-release	licence as read	read from
slurm	26.05.4-1.el9	GPL-2.0-or-later WITH OpenSSL exception	COPYING and LICENSE.OpenSSL in SchedMD/slurm tag slurm-26-05-4-1 (85014568); in the image under /usr/share/licenses/slurm/
slurm-devel	26.05.4-1.el9	GPL-2.0-or-later WITH OpenSSL exception	as slurm
slurm-libpmi	26.05.4-1.el9	GPL-2.0-or-later WITH OpenSSL exception	as slurm
slurm-pam_slurm	26.05.4-1.el9	GPL-2.0-or-later WITH OpenSSL exception	as slurm
slurm-slurmd	26.05.4-1.el9	GPL-2.0-or-later WITH OpenSSL exception	as slurm
rocm-smi-lib	7.8.0.70204-93.el8	MIT	LICENSE.md in the RPM, identical to ROCm/rocm_smi_lib tag rocm-7.2.4; the RPM licence tag says NCSA
rocm-core	7.2.4.70204-93.el8	MIT	LICENSE.md in the RPM
enroot	4.2.1-1.el8	Apache-2.0	LICENSE at NVIDIA/enroot tag v4.2.1
enroot+caps	4.2.1-1.el8	Apache-2.0	LICENSE at NVIDIA/enroot tag v4.2.1
nvslurm-plugin-pyxis	0.24.0-1.sl2605.el9	Apache-2.0	LICENSE at NVIDIA/pyxis tag v0.24.0
nvidia-container-toolkit	1.20.1-1	Apache-2.0	LICENSE at NVIDIA/nvidia-container-toolkit tag v1.20.1
nvidia-container-toolkit-base	1.20.1-1	Apache-2.0	LICENSE at NVIDIA/nvidia-container-toolkit tag v1.20.1
libnvidia-container1	1.20.1-1	Apache-2.0, and LGPL-3.0-or-later for the elfutils libelf it links	LICENSE and NOTICE at NVIDIA/libnvidia-container tag v1.20.0, the commit the toolkit v1.20.1 builds (3e428194)
libnvidia-container-tools	1.20.1-1	Apache-2.0, and LGPL-3.0-or-later for the elfutils libelf it links	as libnvidia-container1
